page,1
ಎ,ಕನ್ನಡ ವರ್ಣಮಾಲೆಯ ಒಂಬತ್ತನೆಯ ಅಕ್ಷರ.
ಎ,"1. ಒಂದು ಸ್ತ್ರೀಲಿಂಗ ಪ್ರತ್ಯಯ.
 2. ನಿಷೇಧಾರ್ಥಕ ಪ್ರತ್ಯಯಗಳಲ್ಲಿ ಒಂದು."
ಎ¾Â,"1. ಮೊನಚಾದ ಆಯುಧದಿಂದ ತಿವಿ.
 2. ಯುದ್ಧಮಾಡು."
ಎ¾õÉ,"1. ಎರೆ.
 2. ಮೀರು."
ಎ¾õÉ,"1. ಪ್ರಭುತ್ವ.
 2. ಆಶ್ರಯ.
 3. ಒಡೆಯ."
ಎ¾õÉಯ,ಎರೆಯ.
ಎ¾õÉಯಪ್ಪ,"1. ಒಂದು ಕ್ಷುದ್ರದೇವತೆ.
 2. ಒಂದು ಬಗೆಯ ಸಿಹಿ ತಿಂಡಿ."
ಎ¾õÉವಟ್ಟು,ಮೂಲಸ್ಥಾನ.
ಎ¾õÉವೆಸನ,"1. ಅಭಿಷೇಕ ಮಾಡುವ ಕೆಲಸ.
 2. ರಾಜಕಾರ್ಯ."
ಎ¾ಕ,"1. ಪ್ರೀತಿ.
 2. ಬಾಗುವುದು."
ಎ¾ಕಲು,ಜಲಪಾತ.
ಎ¾ಕು,ನಾಳ.
ಎ¾ಗ,ದಡ್ಡ.
ಎ¾ಗು,"1. ಬಾಗು.
 2. ಬೀಳು.
 3. ಮುತ್ತು.
 4. ಹೊಡೆ."
ಎ¾ಗು,ಮೂರ್ಖತನ.
ಎ¾ಚು,ಎರಚು.
ಎಕರೆ,ಭೂಮಿಯ ಒಂದು ಅಳತೆ.
ಎಕ್ಕ,"1. ಒಂದು.
 2. ಒಂಟೆತ್ತು ಅಥವಾ ಒಂಟಿಕುದುರೆಯ ಗಾಡಿ.
 3. (ಪಗಡೆ ಆಟದಲ್ಲಿ) ದಾಳದ ಮೇಲಿನ ಒಂದನೆಯ ಸಂಖ್ಯೆಯ ಗುರುತು.
 4. (ಇಸ್ಪೀಟಿನಲ್ಲಿ) `ಇಂಗ್ಲಿಷ್ ಎ’ ಎಂಬ ಗುರುತುಳ್ಳ ಎಲೆ."
ಎಕ್ಕಛಾಯ,"1. ಒಂದೇ ಬಣ್ಣ.
 2. ಇಂದ್ರ ನೀಲರತ್ನದಲ್ಲಿ ಒಂದು ಬಗೆ.
 3. ಗುಟ್ಟು."
ಎಕ್ಕಂಜಿ,ಒಂದು ಬಗೆಯ ತಂತೀವಾದ್ಯ.
page,2
ಎಕ್ಕಟಿ,"1. ಒಬ್ಬಂಟಿಗ.
 2. ಗುಟ್ಟು."
ಎಕ್ಕಟಿ,ಏಕಾಂತ ವಾದ.
ಎಕ್ಕಟಿ,ಏಕಾಂತವಾಗಿ.
ಎಕ್ಕಟಿಗ,"1. ಗೂಢಚಾರ.
 2. ಒಬ್ಬಂಟಿಗ.
 3. ಆಪ್ತ."
ಎಕ್ಕಟಿಗಾಳೆಗ,ದ್ವಂದ್ವಯುದ್ಧ.
ಎಕ್ಕಟೆ,ಏಕಾಂತವಾದ.
ಎಕ್ಕಡ,ಪಾದರಕ್ಷೆ.
ಎಕ್ಕಡಿ,ಪಗಡೆ ಆಟದಲ್ಲಿ ಒಂದು ವಿಧ.
ಎಕ್ಕಡು,ಬಿಕ್ಕಳಿಕೆ.
ಎಕ್ಕಂಡೆ,ಒಳ್ಳೆಯ ಮೈಕಟ್ಟಿನಿಂದ ಕೂಡಿದವನು.
ಎಕ್ಕತಕ್ಕು,ಒಂದೇ ಬಗೆಯಾದ ಯೋಗ್ಯತೆ.
ಎಕ್ಕತಳ,ಗೊತ್ತಾದ ಸ್ಥಳ.
ಎಕ್ಕತಳಂಗೊಳ್,ಒಂದಾಗಿ ತೆಗೆದುಕೊಳ್ಳು.
ಎಕ್ಕತುಳ,"1. ಒಂದೇ ಬಲ.
 2. ಪರಾಕ್ರಮ.
 3. ದ್ವಂದ್ವಯುದ್ಧ."
ಎಕ್ಕತುಳಂ,ಅತಿಶಯವಾಗಿ.
ಎಕ್ಕನಾತಿ,ಒಂದು ಕ್ಷುದ್ರದೇವತೆ.
ಎಕ್ಕಬಾಗೆ,"ಒಂದೇ ಪಾಲು,- ಭಾಗ."
ಎಕ್ಕರ,ಕೀಳು ಮನುಷ್ಯ.
ಎಕ್ಕರಿಸು,ಅಣಕಿಸು.
ಎಕ್ಕಲ,"1. ಒಂಟಿ.
 2. ಸಲಗ.
 3. ಕಾಡುಹಂದಿ.
 4. ಶ್ರೇಷ್ಠ.
 5. ಬಲಿಷ್ಠ.
 6. ಒಂದು ನರಕದ ಹೆಸರು."
page,3
ಎಕ್ಕಲಗಾಣ,ಪಕ್ಕವಾದ್ಯಗಳಿಲ್ಲದೆ ಒಬ್ಬನೇ ಹಾಡುವವನು.
ಎಕ್ಕಲದೇವಿ,ರೇಣುಕೆ.
ಎಕ್ಕಲರಾವುತ,ಶ್ರೇಷ್ಠನಾದ ಸವಾರ.
ಎಕ್ಕಲವಿರಿ,ಎಕ್ಕಲದೇವಿ.
ಎಕ್ಕಲಾವಣ,ಸರ್ವವಸ್ತು ಭಂಡಾರ.
ಎಕ್ಕಲು,ಒಂದು ಬಗೆಯ ಮಣ್ಣು.
ಎಕ್ಕವಡ,"1. ಎಕ್ಕಡ.
 2. ಹಕ್ಕಿಗಳನ್ನು ಹಿಡಿಯುವ ಬಟ್ಟೆ."
ಎಕ್ಕಸ,"1. ಶೀಘ್ರತೆ.
 2. ಅಹಂಕಾರ.
 3. ಹೆಚ್ಚು."
ಎಕ್ಕಸಕ್ಕ,"1. ಅಸಂಬದ್ಧವಾದ ಮಾತು.
 2. ಅಸಂಬದ್ಧ ಪ್ರಲಾಪಿ."
ಎಕ್ಕಸರ,"1. ಒಂದು ಎಳೆಯ ಸರ.
 2. ಒಂದೇ ಬಾಣ.
 3. ಒಂದೇ ಧ್ವನಿ.
 4. ನಿರಂತರತೆ.
 5. ಒಂಟಿಯಾಗಿ ಸಂಚರಿಸುವುದು."
ಎಕ್ಕಳಿಸು,ತಗ್ಗು.
ಎಕ್ಕಳೆ,ಒಂದು ಬಗೆಯ ಕೀಟ.
ಎಕ್ಕಾಡು,"1. ಹತ್ತಿಯನ್ನು ಬಿಡಿಸು.
 2. ಜೀರ್ಣವಾಗು.
 3. ನಾಶವಾಗು."
ಎಕ್ಕಾವಳಿ,ಒಂದು ಎಳೆಯ ಸರ.
ಎಕ್ಕಿಸು,"1. ಹತ್ತಿಯನ್ನು ಬಿಡಿಸಿಡು.
 2. ಸೀಳು."
ಎಕ್ಕು,"1. ವಿಭಾಗಿಸು.
 2. ಹತ್ತಿಯನ್ನು ಬಿಡಿಸು.
 3. ಹೊಡೆ.
 4. ತೊಂದರೆಗೊಳಿಸು.
 5. ಭೇದಿಯಾಗು.
 6. ಮೇಲಕ್ಕೆ ಏರು."
ಎಕ್ಕೆ,"1. ಜತೆ.
 2. ಗುಂಪು.
 3. ಎಕ್ಕದ ಗಿಡ.
 4. ಮಂಚದ ಚೌಕಟ್ಟು.
 5. ಇಕ್ಕೆ."
ಎಕ್ಕೆಕ್ಕೆ,"1. ಒಂದರ ಮೇಲೊಂದಾಗಿ.
 2. ಪರಸ್ಪರವಾಗಿ."
ಎಕ್ಕೆವಾಯ್,ಒಮ್ಮಿಂದೊಮ್ಮೆ ಮೇಲೆ ನುಗ್ಗು.
ಎಕ್ಕೆವಿಂಡು,"ಶಿಷ್ಯರ ಸಮೂಹ,- ಗುಂಪು."
page,4
ಎಕ್ಸ್‍ರೇ,ಸಾಮಾನ್ಯ ಬೆಳಕಿನ ಕಿರಣ ತೂರದ ಪದಾರ್ಥವನ್ನು ಭೇದಿಸಿಕೊಂಡು ಹೋಗುವ ಒಂದು ವಿಶೇಷ ಕಿರಣ.
ಎಗಚಿಗ,ಹಾಸ್ಯಗಾರ.
ಎಗಟು,"1. (ವಿಪರೀತ ಸೇವನೆಯಿಂದ) ರುಚಿಗೆಟ್ಟ.
 2. ಒರಟಾದ."
ಎಗರಾಡು,ಹಾರಾಡು.
ಎಗರಿಸು,"1. ಮೇಲಕ್ಕೆ ಚಿಮ್ಮು.
 2. ಅಪಹರಿಸು."
ಎಗರು,"1. ನೆಗೆ.
 2. ಸವೆದು ಹೋಗು."
ಎಗಲು,ಕೊಂಬೆ.
ಎಗು,ಮೇಲೆ ಹತ್ತುವುದು.
ಎಗ್ಗ,ದಡ್ಡ.
ಎಗ್ಗಲ(ಳ),ಆಧಿಕ್ಯ.
ಎಗ್ಗಾಮುಗ್ಗಾ,ಹಿಂದಕ್ಕೆ ಮುಂದಕ್ಕೆ.
ಎಗ್ಗಿಕೆ,ದಡ್ಡತನ.
ಎಗ್ಗು,ಬಿಕ್ಕಳಿಸು.
ಎಗ್ಗು,"1. ದಡ್ಡತನ.
 2. ನಾಚಿಕೆ.
 3. ಕಡಮೆ."
ಎಗ್ಗುಳಿ,"1. ಗಾಂಪ.
 2. ನಾಚಿಕೆ ಪಡುವವನು."
ಎಚ್ಚ,(ಪಕ್ಷಿಗಳ) ಹಿಕ್ಕೆ.
ಎಚ್ಚಕ,ಕೊಡುವವನು.
ಎಚ್ಚರ,"1. ನಿದ್ರೆಯಿಂದ ಏಳುವುದು.
 2. ಜೋಪಾನವಾಗಿರುವಿಕೆ."
ಎಚ್ಚರತ(ದ)ಪ್ಪು,ಮೈಮರೆ.
ಎಚ್ಚರಿಕೆ,ಎಚ್ಚರದಿಂದಿರುವಿಕೆ.
page,5
ಎಚ್ಚಱ್(ಱು),ನಿದ್ರೆಯಿಂದ ಏಳುವುದು.
ಎಚ್ಚಱ್(ಱು),"1. ನಿದ್ರೆಯಿಂದ ಏಳು.
 2. ರೋಗದಿಂದ ಅಥವಾ ಮೂರ್ಛೆಯಿಂದ ಚೇತರಿಸಿಕೊಳ್ಳು."
ಎಚ್ಚಿತ,ಸರಿಯಾದ.
ಎಚ್ಚು,"1. ಬಳಿ.
 2. ಸರಿಪಡಿಸು.
 3. ಅಲಂಕರಿಸು."
ಎಂಜಲಿಸು,ಎಂಜಲು ಮಾಡು.
ಎಂಜಲುದುಡ್ಡು,ಅಕ್ರಮವಾಗಿ ಪಡೆದ ಹಣ.
ಎಂಜಲೆಲೆ,ಊಟ ಮಾಡಿ ಬಿಟ್ಟ ಎಲೆ.
ಎಂಜಲೆವು¿ು,ಎಂಜಲಿನ ಅಗುಳು.
ಎಂಜಲ್(ಲು),"1. ತಿಂದಮೇಲೆ ಉಳಿದದ್ದು.
 2. ಇತರರು ಅನುಭವಿಸಿ ಬಿಟ್ಟದ್ದು."
ಎಜ್ಜ,ರಂಧ್ರ.
ಎಟಕು,(ಎತ್ತರದಲ್ಲಿರುವ ಪದಾರ್ಥವು) ಕೈಗೆ ಸಿಗು.
ಎಂಟಡಿ,ಎಂಟು ಪಾದಗಳನ್ನುಳ್ಳದ್ದು.
ಎಂಟು,ಒಂದು ಸಂಖ್ಯಾವಾಚಕ.
ಎಟುಕು,"1. ಎಟಕು.
 2. ಸಾಕಾಗು."
ಎಟುಕು,ನಿಲುಕುವಿಕೆ.
ಎಟುವ,ಸಲ್ಲದವನು.
ಎಂಟೆಡೆ,(ಮುತ್ತು ಹುಟ್ಟುವ) ಎಂಟು ಸ್ಥಳಗಳು.
ಎಂಟೆರ್ದೆ,"1. ಎಂಟು ಎದೆ.
 2. ಕೆಚ್ಚು."
ಎಂಟೊಡಲ,ಎಂಟು ರೂಪಗಳನ್ನು ಉಳ್ಳವನು.
ಎಟ್ಟಿ,"1. ಹಠಮಾರಿ.
 2. ಒಂದು ಬಗೆಯ ಮೀನು."
page,6
ಎಟ್ಟಿ,ಒಣಗಿ ಬಿರುಸಾದ.
ಎಟ್ಟು,(ಎತ್ತರದಲ್ಲಿರುವ ಪದಾರ್ಥವು) ನಿಲುಕು.
ಎಟ್ಟುಗೆ,ಕೈಬಟ್ಟಲು.
ಎಡ,"1. ಬಲಭಾಗವಲ್ಲದ್ದು.
 2. ಸುಮಾರಾದದ್ದು.
 3. ಎಳೆಯದು."
ಎಡಗ,ಕೆಲಸಕ್ಕೆ ಬಾರದವನು.
ಎಡಗಯ್ಯ,"1. ಎಡಗೈಯಿಂದಲೇ ಕೆಲಸ ಕಾರ್ಯಗಳನ್ನು ಮಾಡುವವನು.
 2. ಆದಿ ಕರ್ಣಾಟಕರಲ್ಲಿ ಒಂದು ಪಂಗಡ."
ಎಡಗಲಿಸು,ಎಡಕ್ಕೆ ಸರಿಸು.
ಎಡಗಾಲ,ಕಾಲವಲ್ಲದ ಕಾಲ.
ಎಡಚ,"1. ಎಡಗೈಯಿಂದಲೇ ಕೆಲಸ ಮಾಡುವವನು.
 2. ಅಲ್ಪ."
ಎಡಚು,"1. ತೊಂದರೆ.
 2. ಎಡಗೈಯಲ್ಲೇ ಕೆಲಸ ಮಾಡುವ ಅಭ್ಯಾಸ."
ಎಡತಾಕು,ಅಡ್ಡಾಡು.
ಎಡತಿ,"1. ಗೊಲ್ಲಗಿತ್ತಿ.
 2. ಮಧ್ಯ ವಯಸ್ಸಿನವಳು."
ಎಡಪಕ್ಷ,ಸಮಾಜವಾದಿ ನಿಲುವುಳ್ಳ ಪಕ್ಷ.
ಎಡಪು,(ನಡೆಯುವಾಗ ದಾರಿಯಲ್ಲಿರುವ ವಸ್ತು ಕಾಲಿಗೆ ತಗುಲಿ) ಬೀಳುವಂತಾಗು.
ಎಡಂಪು,(ನಡೆಯುವಾಗ ದಾರಿಯಲ್ಲಿರುವ ವಸ್ತು ಕಾಲಿಗೆ ತಗುಲಿ) ಬೀಳುವಂತಾಗು.
ಎಡಂಬಡು,ಅಸಮಾಧಾನ.
ಎಡಬಿಡಂಗಿ,ಮಧ್ಯದಲ್ಲಿರುವವನು.
ಎಡಮಗ್ಗುಲು,"1. ಎಡಪಕ್ಕ.
 2. (ನಿದ್ದೆಯಿಂದ) ಏಳುವಾಗ ಎಡಗಡೆಯಿಂದ ಏಳುವುದು."
ಎಡರು,ಅಡಚಣೆ.
ಎಡರ್,ಬಡತನವನ್ನು ಹೊಂದು.
page,7
ಎಡರ್,ಅಡಚಣೆ.
ಎಡರ್ಗೇಡಿ,ಅಡ್ಡಿಗಳನ್ನು ನಿವಾರಿಸುವವನು.
ಎಡಱು,"1. ಬಡತನ.
 2. ವಕ್ರತೆ."
ಎಡಱು,"1. ಪ್ರತಿಭಟಿಸು.
 2. ತೊಂದರೆ ಮಾಡು."
ಎಡವ,ನಾಡಾಡಿ.
ಎಡವಂಕ,ಎಡಭಾಗ.
ಎಡವಕ್ಕ,ಎಡವಂಕ.
ಎಡವಟ್ಟ,"1. ತಿಳಿವಳಿಕೆಯಿಲ್ಲದವನು.
 2. ಒರಟ."
ಎಡವಟ್ಟು,"1. ಕ್ರಮ ತಪ್ಪಿದ್ದು.
 2. ಅನುಕೂಲವಾಗಿಲ್ಲದಿರುವುದು."
ಎಡವು,ಎಡ(ಂ)ಪು.
ಎಡಸಂಸಾರ,ಸೂಳೆಯನ್ನು ಇಟ್ಟುಕೊಂಡು ಮಾಡುವ ಸಂಸಾರ.
ಎಡಹಂಚ,ಎಡಗೈಯವನು.
ಎಡಹು,"1. ಎಡವುವಿಕೆ.
 2. ತಪ್ಪು."
ಎಡಹು,"1. ನಡೆಯುವಾಗ ಬೀಳು ವಂತಾಗು.
 2. ತಪ್ಪುಮಾಡು."
ಎಡಹುಗುಳಿ,"1. ಎಡವಿ ಬೀಳುವ ಹಳ್ಳ.
 2. ಎಡವುವ ಸ್ವಭಾವದವನು."
ಎಡಹುದಲೆ,"1. ಕಾಲಿಗೆ ಸಿಕ್ಕಿ ಎಡವುವಂತೆ ಮಾಡುವ ವಸ್ತು.
 2. ಎಡವುವಿಕೆ."
ಎಡಹೊತ್ತು,ಸಮಯವಲ್ಲದ ಸಮಯ.
ಎಡುಕು,ಸಂದು.
ಎಡುಗೋಲು,ಆಶ್ರಯ.
ಎಡೆ,ಬಹಳವಾಗಿ.
page,8
ಎಡೆ,"1. ಪ್ರದೇಶ.
 2. ನಡುವೆ.
 3. ಅವಕಾಶ.
 4. ಸಮಾನ.
 5. ಹತ್ತಿರ.
 6. ನೈವೇದ್ಯ.
 7. ಊಟ.
 8. ಊಟಕ್ಕೆ ಬಡಿಸುವ ಎಲೆ.
 9. ಮಿಶ್ರಣ."
ಎಡೆ,"1. (ಸಿಪ್ಪೆಯನ್ನು) ಸುಲಿ.
 2. ಬಿಚ್ಚಿತೋರು.
 3. ಸಾಧ್ಯವಾಗು."
ಎಡೆಗಟ್ಟು,"1. ಒಳನಿಯಮ.
 2. ಕ್ಲುಪ್ತವಾದ ಜಾಗ.
 3. ಸಣ್ಣಕಟ್ಟೆ."
ಎಡೆಗಲಸು,ನಡುವೆ ಸೇರಿಸು.
ಎಡೆಗಿ¾Â,"1. ಆಕ್ರಮಿಸು.
 2. ದಟ್ಟವಾಗು."
ಎಡೆಗಿಱೆ,"1. ಆಕ್ರಮಿಸು.
 2. ದಟ್ಟವಾಗು."
ಎಡೆಗುತ್ತಿ,ನಡುವಣ ದೀಪ.
ಎಡೆಗೆಡೆ,"1. ನಡುವೆ ಬೀಳು.
 2. ನಮಸ್ಕರಿಸು."
ಎಡೆಗೆಣೆಯ,ಸಮೀಪದ ಸ್ನೇಹಿತ.
ಎಡೆಗೆಯ್,"1. ಅವಕಾಶವನ್ನು ಮಾಡಿ ಕೊಡು.
 2. ತಂಗು."
ಎಡೆತಾಕಿಸು,ಪದೇ ಪದೇ ಬರುವಂತೆ ಮಾಡು.
ಎಡೆಮಡಗು,ತಡಮಾಡು.
ಎಡೆಮಾಡು,"1. ಅವಕಾಶ ಕೊಡು.
 2. ನೈವೇದ್ಯ ಮಾಡು.
 3. ಊಟಕ್ಕೆ ಬಡಿಸು."
ಎಡೆಯ,"1. ಹತ್ತಿರದವನು.
 2. ದನ ಕಾಯುವವನು."
ಎಡೆವರಿಸು,"1. ನಡುವೆ ಬರಮಾಡು.
 2. ಹಿಮ್ಮೆಟ್ಟಿಸು."
ಎಡೆವಿಡಿವು,"1. ಅವಕಾಶವನ್ನು ಪಡೆದಿರುವಿಕೆ.
 2. ಸ್ಥಳಾವಕಾಶ.
 3. ಕಾಲಾವಕಾಶ."
ಎಡೆವೇ¿õï,ಕಾರಣವನ್ನು ತಿಳಿಸು.
ಎಡೆವೇೞ್,ಕಾರಣವನ್ನು ತಿಳಿಸು.
ಎಡ್ಡ,"1. ಸುಂದರ.
 2. ಬುದ್ಧಿ ಇಲ್ಲದವನು.
 3. ಮೋಸಗಾರ."
ಎಡ್ಡಂತಿಡ್ಡ,ಕ್ರಮಬದ್ಧವಲ್ಲದಿರುವುದು.
page,9
ಎಡ್ಡಂಬಡೆ,ಸುಂದರವಾಗು.
ಎಡ್ಡು,"1. ಮೋಸಗೊಳಿಸುವುದು.
 2. ಸೊಕ್ಕು."
ಎಣಗೋಣ,ವಕ್ರ.
ಎಣವಳಿಕೆ,ಸ್ತ್ರೀಸಂಗ.
ಎಣಿಕೆ,"1. ಲೆಕ್ಕಮಾಡುವುದು.
 2. ಆಲೋಚನೆ.
 3. ತಿಳಿವಳಿಕೆ.
 4. ಊಹೆ."
ಎಣಿಕೆಗೞಿ,ಲೆಕ್ಕಕ್ಕೆ ಮೀರು.
ಎಣಿಲು,ಮುಂಗಾರು.
ಎಣಿಸು,"1. ಲೆಕ್ಕಹಾಕು.
 2. ಲಕ್ಷ್ಯಮಾಡು.
 3. ತಿಳಿದುಕೊಳ್ಳು."
ಎಣೆ,"1. ಸಮ.
 2. ಜತೆ.
 3. ಕೂದಲು.
 4. ಮಕ್ಕಳ ಒಂದು ರೋಗ.
 5. ನೆತ್ತಿ.
 6. ಪ್ರೇಮ."
ಎಣೆಕಟ್ಟು,"1. ಜೊತೆಯಾಗು.
 2. ತಳಕು ಹಾಕು."
ಎಣೆಗಂಟು,ತುರುಬು.
ಎಣೆಗೊಳ್,"1. ಸಮನಾಗು.
 2. (ಮಕ್ಕಳು) ಎಣೆಯೆಂಬ ರೋಗಕ್ಕೆ ಒಳಗಾಗು."
ಎಣೆಯಾಡು,"1. ಜತೆಯಾಗಿ ಆಡು.
 2. ಹಾವುಗಳು ಕೂಡಿಕೆಯಾಗು."
ಎಣೆವಕ್ಕಿ,ಜೊತೆಯಾಗಿರುವ ಪಕ್ಷಿ.
ಎಣ್(ಣ್ಣು),"1. ಎಣಿಸು.
 2. ಭಾವಿಸು."
ಎಣ್ಣೆ,"1. ಎಳ್ಳು, ಅಗಸೆ, ಹುಚ್ಚೆಳ್ಳು ಮೊದಲಾದ ಕಾಳುಗಳಿಂದ ತೆಗೆದ ದ್ರವ ಪದಾರ್ಥ.
 2. ಶಕ್ತಿ."
ಎಣ್ಣೆಗಪ್ಪಡ,ಎಣ್ಣೆಯಿಂದ ಪರಿಷ್ಕರಿಸಿ ನೀರಿಳಿಯದಂತೆ ಮಾಡಿದ ಬಟ್ಟೆ.
ಎಣ್ಣೆಗಪ್ಪು,ಕಪ್ಪು ಮತ್ತು ಕೆಂಪುಬಣ್ಣದ ನಡುವಿನ ಬಣ್ಣ.
ಎಣ್ಣೆಗಾಯಿ,ಎಣ್ಣೆಯಲ್ಲಿ ಬೇಯಿಸಿ ಮಾಡಿದ ಪಲ್ಯ.
ಎಣ್ಣೆಗೆಂಪು,ನಸುಗೆಂಪು.
page,10
ಎಣ್ಣೆನೀರು,ಮದುವೆ ಸಮಾರಂಭದಲ್ಲಿ ವಧೂವರರಿಗೆ ಎಣ್ಣೆ ಹಚ್ಚಿ ಹಾಕುವ ನೀರು.
ಎಣ್ಣೆವಣಿ,ಕೊರಳ ಸರದ ಒಂದು ಬಗೆಯ ಮಣಿ.
ಎಣ್ಣೆಶಾಸ್ತ್ರ,ಮದುವೆ ಮುಂತಾದ ಸಮಾರಂಭ ಗಳಲ್ಲಿ ವಧೂವರರಿಗೆ ಎಣ್ಣೆ ಹಚ್ಚುವುದು.
ಎಣ್ಣೆಸೀಗೆ,"1. ಎಣ್ಣೆ ಮತ್ತು ಸೀಗೇಕಾಯಿ.
 2. ಹುಟ್ಟು ಹಗೆತನ."
ಎಣ್ಮೆಯ್ಯ,ಎಂಟು ದೇಹವುಳ್ಳವನು.
ಎಂತಪ್ಪ(ಹ),ಯಾವ ರೀತಿಯ.
ಎಂತು,ಹೇಗೆ.
ಎಂತುಟು,ಎಷ್ಟು.
ಎಂತುಟು,ಎಂತು.
ಎತ್ತ,ಯಾವ ಕಡೆ.
ಎತ್ತಂ,ಎಲ್ಲೆಲ್ಲೂ.
ಎತ್ತಂಗಡಿ,"1. ಎತ್ತಿದ ಅಂಗಡಿ.
 2. ಬಲವಂತವಾಗಿ ಹೊರದೂಡುವಿಕೆ,- ಸ್ಥಳ ಖಾಲಿ ಮಾಡಿಸುವಿಕೆ."
ಎತ್ತರ,"1. ಮೇಲೆ.
 2. ಉನ್ನತಿ.
 3. ಅತಿಶಯ."
ಎತ್ತರಿಸು,"1. ಎತ್ತರವಾಗುವ ಹಾಗೆ ಮಾಡು.
 2. ಹೆಚ್ಚು ಮಾಡು.
 3. (ಧ್ವನಿಯನ್ನು) ದೊಡ್ಡದು ಮಾಡು.
 4. ಉನ್ನತಿಯನ್ನುಂಟು ಮಾಡು."
ಎತ್ತಾಡು,ದೋಷಾರೋಪ ಮಾಡು.
ಎತ್ತಿಸು,"1. ಮೇಲಕ್ಕೆ ಎತ್ತುವಂತೆ ಮಾಡು.
 2. ಕಟ್ಟಿಸು.
 3. ದಂಡೆತ್ತಿ ಬರುವಂತೆ ಮಾಡು.
 4. ಮೇಲಕ್ಕೇರಿಸು.
 5. ಸಂಗ್ರಹಿಸುವಂತೆ ಮಾಡು.
 6. ಖಾಲಿ ಮಾಡಿಸು."
ಎತ್ತು,"1. ಎತ್ತಿಹಿಡಿ.
 2. ಏರಿಸು.
 3. ಎಬ್ಬಿಸು.
 4. (ನೀರು) ಹಾಯಿಸು.
 5. ಅಪಹರಿಸು.
 6. ಹರಡು.
 7. ಮೇಲೇರಿ ಬರು.
 8. ಸಂಗ್ರಹಿಸು.
 9. ಬಡಿಸು.
 10. ಎಚ್ಚರಿಸು.
 11. ಬೆಳಗು.
 12. ಸಮರ್ಪಿಸು.
 13. ಸುಲಿ."
ಎತ್ತು,ಬಸವ.
ಎತ್ತುಕಂಬಿ,ಅಡ್ಡೆ.
ಎತ್ತುಗಡೆ,"1. ಏರ್ಪಾಡು.
 2. ಸಂಗೀತದಲ್ಲಿ ಹಾಡಿನ ಪ್ರಾರಂಭ."
page,11
ಎತ್ತುಗುಡಿ,ಮೇಲೆ ಕಟ್ಟಿರುವ ಧ್ವಜ.
ಎತ್ತುಂಗೋಲ್,ಹರಿತವಾದ ಬಾಣ.
ಎತ್ತುಂಗೋಳ್,ಎತ್ತಿಕೊಂಡು ಹೋದ ಕೊಳ್ಳೆ.
ಎತ್ತುನಾಲಗೆ,ಒಂದು ಬಗೆಯ ಸಸ್ಯ.
ಎತ್ತುವಳಿ,ವಸೂಲು ಮಾಡುವುದು.
ಎಂಥ,ಎಂತಪ್ಪ.
ಎದವು,ವಯಸ್ಸಿಗೆ ಬರು.
ಎದಿರ್(ರು),ಅಭಿಮುಖ.
ಎಂದು,ಯಾವ ದಿನ.
ಎಂದುಂ,ಯಾವ ಕಾಲದಲ್ಲೂ.
ಎದುರಕ್ಕಿ,(ನಂಟರನ್ನು) ಎದುರುಗೊಳ್ಳುವಾಗ ತಳಿಯುವ ಅಕ್ಕಿ.
ಎದುರಾಡು,ವಿರೋಧಿಸಿ ನುಡಿ.
ಎದುರಾಳಿ,ಪ್ರತಿಸ್ಪರ್ಧಿ.
ಎದುರುಗಾಣಿಕೆ,"1. ಕಣ್ಣಾರ ನೋಡುವುದು.
 2. ಪ್ರತ್ಯಕ್ಷ ಕಾಣಿಕೆ."
ಎದುರ್,ಎದಿರ್.
ಎದುರ್ಚೀಟು,"1. ಆಸ್ತಿಯ ಮಾರಾಟಕ್ಕೆ ಸಂಬಂಧಿಸಿದ ಪತ್ರ.
 2. ಕಳೆದು ಹೋದ ಪತ್ರಕ್ಕೆ ಬದಲಾಗಿ ಬರೆದುಕೊಟ್ಟ ಪತ್ರ."
ಎದೆ,"1. ಹೃದಯ.
 2. ಧೈರ್ಯ."
ಎದೆಗಾರಿಕೆ,ಧೈರ್ಯ.
ಎದೆಗುಕ್ಕು,ಭಯದಿಂದ ಎದೆ ಹಾರುವಿಕೆ.
ಎದೆಗುಂಡಿಗೆ,ಎದೆ.
page,12
ಎದೆಗುದಿ,ವ್ಯಥೆಪಡು.
ಎದೆಗುದಿ,"1. ತಳಮಳ.
 2. ಅಂಜಿಕೆ."
ಎದೆಗುರುಡ,ಹೃದಯವಿಲ್ಲದವನು.
ಎದೆಗೆಳೆಯ,ಆಪ್ತಸ್ನೇಹಿತ.
ಎದೆಗೊಯ್ಕ,ವಂಚಕ.
ಎದೆಡೋಱು,ಎದೆಯ ಒಳಭಾಗ.
ಎದೆಮಟ್ಟ,"1. ನೆಲದಿಂದ ಎದೆಯ ವರೆಗಿನ ಅಳತೆ.
 2. ತಲೆಯಿಂದ ಎದೆಯವರೆಗಿನ ಅಳತೆ."
ಎದ್ದಲಗಾಟ,ಹಿಂಸೆ.
ಎನಸುಂ,ಅಧಿಕವಾಗಿ.
ಎನಿ(ನೆ)ತು(ತ್ತು),ಪರಿಮಾಣವನ್ನು ಸೂಚಿಸುವ ಶಬ್ದ.
ಎನಿಸು,"1. ಎನ್ನುವ ಹಾಗೆ ಮಾಡು.
 2. ಯಾವ ಪ್ರಮಾಣ."
ಎನಿಸುಂ,ಎನಸುಂ.
"ಎನ್(ನು, ನ್ನು)",ಹೇಳು.
"ಎನ್(ನು, ನ್ನು)",ಉತ್ತಮಪುರುಷ ಸರ್ವನಾಮ.
ಎನ್ನ,ಎಂತಹ.
ಎಪ್ಪೆ,ಮೋಸ.
ಎಬಡ,"1. ಸರಿಯಾಗಿ ಮಾತನಾಡಲು ಬಾರದವನು.
 2. ಯದ್ವಾತದ್ವಾ ಮಾತನಾಡುವವನು."
ಎಬಡತಬಡ,ಯದ್ವಾತದ್ವಾ.
ಎಬ್ಬು,"1. ಮೇಲಕ್ಕೆ ಎಬ್ಷಿಸು,- ತೆಗೆ.
 2. ಅಟ್ಟು."
ಎಮ,"ಒಪ್ಪಿಗೆ, ಅಲಕ್ಷ್ಯ, ಆಶೀರ್ವಾದ ಮುಂತಾದ ಭಾವಗಳನ್ನು ಸೂಚಿಸುವ ಪ್ರತ್ಯಯ."
page,13
ಎಮ(ಮಿ)ಕೆ,ಎಲುಬು.
ಎಮೆ,ಕಣ್ಣಿನ ರೆಪ್ಪೆ.
ಎಮೆದುಱುಗಲ್,ಕಣ್ಣು ರೆಪ್ಪೆಯ ಕೂದಲ ಸಾಲು.
ಎಮೆಯಾಟ,ಕಣ್ಣುರೆಪ್ಪೆ ಬಡಿಯುವುದು.
ಎಮೆಯಿಕ್ಕು,"ರೆಪ್ಪೆ ಹೊಡೆ,- ಮಿಟುಕಿಸು."
ಎಮ್ಮೆ,"1. ನಾಲ್ಕು ಕಾಲಿನ ಒಂದು ಪ್ರಾಣಿ.
 2. ಸೋಮಾರಿ.
 3. ಹಿರಿದು."
ಎಮ್ಮೆಗೊಬ್ಬು,"1. ಎಮ್ಮೆಯ ಕೊಬ್ಬು.
 2. ಅತಿಶಯವಾದ ಕೊಬ್ಬು."
ಎಮ್ಮೆಚೇಳು(ೞು),ದೊಡ್ಡ ಚೇಳು.
ಎಮ್ಮೆತಮ್ಮಣ್ಣ,ಮೂರ್ಖ.
ಎಯ್,ಮುಳ್ಳುಹಂದಿ.
ಎಯ್ತರ್,ಬರು.
ಎಯ್ದು,"1. ಬರು.
 2. ಪಡೆ."
ಎಯ್ದೆ,ಸುವಾಸಿನಿ.
ಎಯ್ದೆ,ಚೆನ್ನಾಗಿ.
ಎರ,ಎಲಚಿಮರ.
ಎರಕ,"1. ಪ್ರೀತಿ.
 2. ಕಾಯಿಸಿದ ಲೋಹಾದಿಗಳ ದ್ರವವನ್ನು ಅಚ್ಚಿಗೆ ಎರೆಯುವಿಕೆ ಹಾಗೆ ಎರೆದ ಅಚ್ಚು."
ಎರಂಕೆ,"ಹಾರಲು ಸಹಾಯವಾಗುವ ಹಕ್ಕಿಗಳ ಪಕ್ಕ,- ರೆಕ್ಕೆ."
ಎರಕೆ,"1. ಎರಂಕೆ.
 2. ಜೊಂಡುಹುಲ್ಲು.
 3. ಪ್ರಾರ್ಥನೆ."
ಎರಗಿವಿ,ಚಾಡಿ ಕೇಳುವ ಕಿವಿ.
ಎರಗು,"1. ನಮಸ್ಕಾರ ಮಾಡು.
 2. ಬೀಳು."
page,14
ಎರಚಲು,"1. ಇರಿಸಲು ಮಳೆ.
 2. ಎರಚಿದುದು."
ಎರಚು,ಚಿಮುಕಿಸು.
ಎರಡು,ಒಂದು ಸಂಖ್ಯೆ : ಒಂದು ಒಂದು ಸೇರಿ ಆದ ಮೊತ್ತ.
ಎರಡುಗೆಡು,"ಇಹಪರಗಳೆರಡೂ ಕೆಟ್ಟು ಹೋಗು,- ಇಲ್ಲವಾಗು."
ಎರಡುಬಗೆ,ದ್ರೋಹ ಎಣಿಸು.
ಎರಡೆಣಿಸು,ಎರಡು ಬಗೆ.
ಎರಣೆ,ಹಾವುರಾಣಿ.
ಎರಲೆ(ಳೆ),ಜಿಂಕೆ.
ಎರಲೆ(ಳೆ)ಗುಱುಪ,ಜಿಂಕೆಯನ್ನು ಗುರುತಾಗಿ ಉಳ್ಳವನು.
ಎರಲ್(ಲು),ಗಾಳಿ.
ಎರವಣ್ಣು,ಎಲಚಿ ಹಣ್ಣು.
ಎರವಲು,ಸಾಲ.
ಎರವಳಿ,"ಭೇದ ಭಾವವನ್ನು ಬಿಡು,- ತೊರೆ."
ಎರವಾಗು,"1. ಹೊರಗಾಗು.
 2. ದ್ವೇಷಿಯಾಗು.
 3. ಹಾನಿಯಾಗು."
ಎರವಿಗ,"1. ಬೇರೆಯವನು.
 2. ಸಾಲಗಾರ."
ಎರವು,"1. ಸಾಲ.
 2. ಕುಂದು.
 3. ಭೇದಭಾವ."
ಎರುಬು,ಸಗಣಿ.
ಎರೆ,"1. ಗಾಡಿಯ ಚಕ್ರಕ್ಕೆ ಹಾಕುವ ಎಣ್ಣೆ.
 2. ಕಪ್ಪು ಭೂಮಿ.
 3. ಮೀನು, ಹಕ್ಕಿ ಮುಂತಾದುವುಗಳಿಗೆ ಹಾಕುವ ಆಹಾರ.
 4. ಅಂಚು.
 5. ಜೊತೆಗಾರ.
 6. ಹಾವಿನ ಪೊರೆ."
ಎರೆ,"1. (ದ್ರವ ಪದಾರ್ಥವನ್ನು) ಸುರಿ.
 2. ಅಭ್ಯಂಜನ ಸ್ನಾನ ಮಾಡಿಸು.
 3. ಬೇಡು."
ಎರೆಕಬ್ಬಿಣ,ತಾಂಡವಾಳ.
page,15
ಎರೆಯ,"1. ಯಜಮಾನ.
 2. ಪ್ರೀತಿಪಾತ್ರ."
ಎರೆಯಿಕ್ಕು,ಪೊರೆಯನ್ನು ಬಿಡು.
ಎರೆಯೆ,"1. ಒಡತಿ.
 2. ವಲ್ಲಭೆ."
ಎರೆವಚ್ಚು,ಸಂಗಡಿಗರನ್ನು ಎರಡು ಗುಂಪು ಮಾಡು.
ಎರೆಹೊರೆ,"1. ಹಾವಿನ ಚರ್ಮದ ಪದರ.
 2. ಮುಚ್ಚುಮರೆ."
ಎರ್ದೆ,ಎದೆ.
ಎರ್ರಿಬಿರ್ರಿ,ಸಿಕ್ಕಾಪಟ್ಟೆ.
ಎಱಕ,"1. ಪ್ರೀತಿ.
 2. ಬಾಗುವುದು."
ಎಱಕಲು,ಜಲಪಾತ.
ಎಱಕು,ನಾಳ.
ಎಱಂಕೆ,"ಪಕ್ಷಿಗಳ ರೆಕ್ಕೆ,- ಪಕ್ಕ."
ಎಱಕೆ,"ಪಕ್ಷಿಗಳ ರೆಕ್ಕೆ,- ಪಕ್ಕ."
ಎಱಗ,ದಡ್ಡ.
ಎಱಗು,"1. ಬಾಗು.
 2. ಬೀಳು.
 3. ಮುತ್ತು.
 4. ಹೊಡೆ."
ಎಱಗು,ಮೂರ್ಖತನ.
ಎಱಚು,ಎರಚು.
ಎಱೆ,"1. ಮೊನಚಾದ ಆಯುಧದಿಂದ ತಿವಿ.
 2. ಯುದ್ಧಮಾಡು."
ಎಱೆ,"1. ಎರೆ.
 2. ಮೀರು."
ಎಱೆ,"1. ಪ್ರಭುತ್ವ.
 2. ಆಶ್ರಯ.
 3. ಒಡೆಯ."
ಎಱೆಯ,ಎರೆಯ.
page,16
ಎಱೆಯಪ್ಪ,"1. ಒಂದು ಕ್ಷುದ್ರದೇವತೆ.
 2. ಒಂದು ಬಗೆಯ ಸಿಹಿ ತಿಂಡಿ."
ಎಱೆವಟ್ಟು,ಮೂಲಸ್ಥಾನ.
ಎಱೆವೆಸನ,"1. ಅಭಿಷೇಕ ಮಾಡುವ ಕೆಲಸ.
 2. ರಾಜಕಾರ್ಯ."
ಎಱ್ಚಱೆಕೆ,ಎಚ್ಚರದಿಂದಿರುವಿಕೆ.
ಎಱ್ಚಱ್,ನಿದ್ರೆಯಿಂದ ಏಳುವುದು.
ಎಱ್ಚಱ್,"1. ನಿದ್ರೆಯಿಂದ ಏಳು.
 2. ಜಾಗರೂಕತೆಯಿಂದಿರು.
 3. ರೋಗದಿಂದ ಅಥವಾ ಮೂರ್ಛೆಯಿಂದ ಚೇತರಿಸಿಕೊಳ್ಳು."
ಎಱ್ತರ,ಉನ್ನತಿ.
ಎಱ್ತರವು,ಎದ್ದು ಬರುವುದು.
ಎಱ್ತರ್,"1. ಎದ್ದು ಬರು.
 2. ದಂಡೆತ್ತಿ ಬರು."
ಎಱ್ತು,"1. ಬಸವ.
 2. ದಡ್ಡ.
 3. ಮಂಚದ ನೇಯ್ಗೆಯ ನುಲಿ.
 4. ಬರೆಹ."
ಎಱ್ಬು,ಮೇಲಕ್ಕೆ ಎಬ್ಬಿಸು.
ಎಲ(ಳ)ಚಿ,ಬೋರೆ ಮರ.
ಎಲರುಣಿ,ವಾಯುವನ್ನು ಆಹಾರ ವಾಗುಳ್ಳದ್ದು.
ಎಲರ್ಚು,ಚೈತನ್ಯವನ್ನು ಪಡೆ.
ಎಲರ್ವಟ್ಟೆ,ವಾಯುಮಾರ್ಗ.
ಎಲವ,ಬೂರುಗದ ಮರ.
ಎಲು,"1. ಮೂಳೆ.
 2. ಕಾಂತಿ."
ಎಲುದೋ¾ು,ಮೂಳೆ ತೋರು.
ಎಲುದೋಱು,ಮೂಳೆ ತೋರು.
ಎಲುಬು(ವು),ಮೂಳೆ.
page,17
ಎಲೆ,"1. ಮರಗಿಡಗಳ ಪತ್ರ.
 2. ವೀಳೆಯದೆಲೆ.
 3. ಇಸ್ಪೀಟಿನ ಎಲೆ.
 4. ಊಟದೆಲೆ.
 5. ಎಸಳು."
ಎಲೆಗತ್ತರಿ,"1. (ಕುರಿಗಳ ಮೈಯಿಂದ) ಉಣ್ಣೆಯನ್ನು ಕತ್ತರಿಸುವ ಕತ್ತರಿ.
 2. ಚೌಲದ ಸಮಯದಲ್ಲಿ ಉಪಯೋಗಿಸುವ ಕತ್ತರಿಯಾ ಕಾರದ ಎಲೆ."
ಎಲೆಗುದ್ದಲಿ,ಸನಿಕೆ.
ಎಲೆಚಂಚಿ,"1. ಎಲೆಯ ಚೀಲ.
 2. ದೇವತಾ ವಿಗ್ರಹಕ್ಕೆ ಉತ್ಸವದಲ್ಲಿ ಅರ್ಪಿಸುವ ತಾಂಬೂಲದ ಉಪಹಾರ."
ಎಲೆಪಟ್ಟಿ,"1. ವೀಳ್ಯ.
 2. ಹೊಗೆ ಬತ್ತಿ."
ಎಲೆಮದ್ದು,"1. ಅಫೀಮು.
 2. ಎಲೆಗಳಿಂದ ಮಾಡಿದ ಮದ್ದು."
ಎಲೆಯುಗುರು,ವೀಳೆಯದೆಲೆಯನ್ನು ಕೊಯ್ಯುವ ಉಪಕರಣ.
ಎಲೆವಸ್ತ್ರ,"ಬಣ್ಣದ ಕರವಸ್ತ್ರ,- ಚೌಕ."
ಎಲ್ಲಮ್ಮ,ರೇಣುಕಾದೇವಿ.
ಎಲ್ಲಿ,"1. ಎಲ್ಲಮ್ಮ.
 2. ಯಾವ ಸ್ಥಳ."
ಎಲ್ಲೆ,ಸರಹದ್ದು.
ಎಲ್ಲೆಗೆಡು,"1. ಮೇರೆಯನ್ನು ಮೀರು.
 2. ಮರ್ಯಾದೆಯನ್ನು ಮೀರು."
ಎಲ್ವು,ಎಲುಬು.
ಎವುೞ್,"1. ಎಂಜಲು.
 2. ಅಗುಳು."
ಎವೆ,"1. ಎಮೆ.
 2. ಯವ ಧಾನ್ಯ."
ಎಷ್ಟು,"ಯಾವ ಪ್ರಮಾಣ,- ಅಳತೆ."
ಎಸಕ,"1. ಕಾಂತಿ.
 2. ಸೊಬಗು.
 3. ವೈಭವ.
 4. ರೀತಿ.
 5. ಅತಿಶಯ.
 6. ಪ್ರತಾಪ.
 7. ಕೆಲಸ.
 8. ತೀಡುವಿಕೆ."
ಎಸಕಂಗಿಡು,"1. ಕಾಂತಿಹೀನವಾಗು.
 2. ಕಾರ್ಯ ಕೆಟ್ಟುಹೋಗು."
ಎಸಗು,"1. ಮಾಡು.
 2. ಉಂಟುಮಾಡು.
 3. ಉಂಟಾಗು.
 4. ಆಚರಿಸು.
 5. ರಥವನ್ನು ನಡೆಸು.
 6. ಗಾಳಿ ಬೀಸು.
 7. ಯತ್ನಿಸು.
 8. ಹೊರಸೂಸು.
 9. ರಚಿಸು."
ಎಸಗು,"1. ಕೆಲಸ.
 2. ಬೀಸುವಿಕೆ."
page,18
ಎಸಡಿ,"1. ನಳ್ಳಿ.
 2. ಆಮೆ."
ಎಸಡು,"1. ಎಸಡಿ.
 2. ಕರ್ಕಾಟಕ ಶೃಂಗಿ ಎಂಬ ಮೂಲಿಕೆ."
ಎಸರು,ಕುದಿ.
ಎಸರು,"1. ಎಸರ್.
 2. ಸಾರು.
 3. ನೀರಿನ ಕುದಿತ.
 4. ಹಸಿಯ ವಸ್ತುಗಳನ್ನು ಹಿಂಡಿ ತೆಗೆದ ರಸ ಅಥವಾ ಬೇಯಿಸಿ ತೆಗೆದ ಕಷಾಯ,-ಸಾರ.
 5. ತೇವ."
ಎಸರ್,ಅಡಿಗೆಗಾಗಿ ಕುದಿಯಲಿಟ್ಟ ನೀರು.
ಎಸರ್ಮುಚ್ಚೆ,ಎಸರಿನ ಪಾತ್ರೆಯ ಮುಚ್ಚಳ.
ಎಸವು,ಉಬ್ಬು.
ಎಸಳು,"1. ಎಸಳ್.
 2. ಬೀಗದ ಕೈ.
 3. ವಿಭಾಗ.
 4. ಪದರ."
ಎಸಳ್,"ಹೂವಿನ ದಳ,- ಪಕಳೆ,- ಪತ್ರ."
ಎಸೞ್,ಎಸಳ್.
ಎಸು,"1. ಬಾಣ ಪ್ರಯೋಗ ಮಾಡು.
 2. ಬಳಿ."
ಎಸುಗೆ,ಬಾಣ ಪ್ರಯೋಗ.
ಎಸೆ,"1. ಬಾಣವನ್ನು ಪ್ರಯೋಗಿಸು,- ಬಿಡು.
 2. ಬಿಸುಡು.
 3. ಶೋಭಿಸು."
ಎಸೆ,ಎಸೆಯುವಿಕೆ.
ಎಸೆವಾರ,ವಿವಿಧ ನಾದಗಳ ಸಮೂಹ.
ಎಹಂಗೆ,"ಯಾವ ರೀತಿಯಾಗಿ,- ಕ್ರಮವಾಗಿ."
ಎಹಗೆ,"ಯಾವ ರೀತಿಯಾಗಿ,- ಕ್ರಮವಾಗಿ."
ಎಳಕ,ಸ್ಪಂದನ.
ಎಳಕ,ಎಳೆಯದಾದ.
ಎಳಗಂದಿ,ಹೊಸದಾಗಿ ಕರು ಹಾಕಿರುವ ಹಸು ಅಥವಾ ಎಮ್ಮೆ.
page,19
ಎಳಗಾಯ್,"1. ಎಳೆಯ ಕಾಯಿ.
 2. ಎಳೆಯ ತೆಂಗಿನ ಕಾಯಿ."
ಎಳಗಾರ್,ಮುಂಗಾರು ಮಳೆ.
ಎಳಗುಡಿ,"1. ಎಳೆಯ ಕುಡಿ,- ಮೊಳಕೆ.
 2. ಸಕ್ಕರೆಯಲ್ಲಿ ಒಂದು ಬಗೆ."
ಎಳತಟ,"1. ತೊಂದರೆ.
 2. ಆಕರ್ಷಣೆ.
 3. ಎಳೆದಾಟ."
ಎಳದಳಿಸು,ಕೋಮಲವಾಗಿರು.
ಎಳದು,"1. ಎಳತನ.
 2. ಚಂಚಲ."
ಎಳದು,ಎಳೆಯದಾದ.
ಎಳದೆನೆ,"1. ಮೊದಲನೆಯ ಗರ್ಭ.
 2. ಎಳೆಯದಾದ ಧಾನ್ಯದ ತೆನೆ."
ಎಳನಗೆ,ಕಿರುನಗೆ.
ಎಳನೀರು,ಎಳೆಯದಾದ ತೆಂಗಿನಕಾಯಿಯ ನೀರು.
ಎಳನೀಲ,ರಾಜಾವರ್ತವೆಂಬ ನೀಲರತ್ನ.
ಎಳಪು,ಎಳೆಯತನ.
ಎಳಪು,ಎಳೆಯ.
"ಎಳಮೆ(ವಿ, ವೆ)",ಎಳೆಯತನ.
ಎಳಲಿಡು,ನೇತುಹಾಕು.
ಎಳಲು,ಜೋಲುಬೀಳು.
ಎಳವು,ನೀವು.
ಎಳವು,"1. ಎಳೆಯುವಿಕೆ.
 2. ಮಕ್ಕಳಿಗೆ ಬರುವ ಒಂದು ರೋಗ."
ಎಳಸಿಕೆ,ಬಯಕೆ.
ಎಳಸು,ಚಿಕ್ಕವನು.
page,20
ಎಳಸು,"1. ಬಯಸು.
 2. ಕಡಮೆಯಾಗು.
 3. ಯೋಚಿಸು.
 4. ಹರಡು.
 5. ಎಳೆಯುವಂತೆ ಮಾಡು."
ಎಳಸು,ಎಳೆಯ.
ಎಳೆ,ತನ್ನ ಕಡೆಗೆ ಸೆಳೆದುಕೊ.
ಎಳೆ,"1. ನೂಲಿನ ಎಳೆ.
 2. ಛಾವಣಿಗೆ ಹಾಕುವ ತೊಲೆ.
 3. ಭೂಮಿ.
 4. ಎಳೆತನ."
ಎಳೆ,ಎಳೆಯದಾದ.
ಎಳೆಗನ್ನ,ಹುತ್ತ.
ಎಳೆತ,"1. ಎಳೆಯುವಿಕೆ.
 2. ಆಕರ್ಷಣೆ."
ಎಳೆತಟ,ಎಳತಟ.
ಎಳೆತಳಲ್,ಚಿಗುರು.
ಎಳೆದೇರ,ಭೂಮಿಯನ್ನೇ ತೇರನ್ನಾಗಿ ಉಳ್ಳವನು.
ಎಳೆನಿಂಬೆ,"1. ಎಳೆಯ ನಿಂಬೆ.
 2. ಬುದ್ಧಿ ಪಕ್ವವಾಗಿಲ್ಲದವನು."
ಎಳೆಪಾಕ,"1. ಎಳೆಯಂತೆ ಬರುವ ಪಾಕ.
 2. ಹದಕ್ಕೆ ಬಾರದ ಪಾಕ."
ಎಳೆಯ,ಚಿಕ್ಕದಾದ.
ಎಳೆಹೂಟೆ,ವ್ಯವಸಾಯದ ಒಂದು ಉಪಕರಣ.
ಎಳ್(ಳ್ಳು),ಎಣ್ಣೆಯನ್ನು ತೆಗೆಯಲು ಉಪಯೋಗಿಸುವ ಕಾಳು.
ಎಳ್(ಳ್ಳು),ಎಣ್ಣೆಯನ್ನು ತೆಗೆಯಲು ಉಪಯೋಗಿಸುವ ಕಾಳು.
ಎಳ್ಳುನೀರೆರೆ,"1. ತರ್ಪಣ ಬಿಡು.
 2. ಆಸೆಬಿಡು."
ಎಳ್ಳುನೀರೆಱೆ,ಎಳ್ಳುನೀರೆರೆ.
ಎಳ್ಳೈಸು,ಎಳ್ಳಿನಷ್ಟು.
ಎೞಗ,"1. ಟಗರು.
 2. ಏಳು ಬೆಟ್ಟ."
page,21
ಎೞತೆ,ಜೋಲಾಡುವಿಕೆ.
ಎೞಲ್,"1. ಜೋಲು ಬೀಳು.
 2. ಬಳಲು.
 3. ಬಡವಾಗು.
 4. ಮೇಲೆ ಬೀಳು.
 5. ಮೋಹಿಸು."
ಎೞವು,ಸವರು.
ಎೞೆ,ತನ್ನ ಕಡೆಗೆ ಸೆಳೆದುಕೊ.
ಎೞೆ,"1. ನೂಲಿನ ಎಳೆ.
 2. ಎಳೆದ ಗುರುತು."
ಎೞೆಕುಳಿ,ಸೆಳೆತ.
page,22
page,23
